<?xml version="1.0" encoding="UTF-8" standalone="yes"?>
<addon 
  id="repository.phoenixreborn" 
  name="Kodi Phoenix Reborn Repository" 
  version="1.3.0" 
  provider-name="phoenixreborn">
	<extension point="xbmc.addon.repository" 
             name="Kodi Phoenix Reborn Repository">
    <info compressed="false">https://github.com/marko1404/phoenixrepo/blob/master/addons.txt</info>
    <checksum>https://github.com/marko1404/phoenixrepo/blob/master/addons.xml.gz.md5</checksum>
    <datadir zip="true">https://github.com/marko1404/phoenixrepo/tree/master/programi</datadir>
	</extension>
	<extension point="xbmc.addon.metadata">
		<summary>Repo for PhoenixReborn Addons</summary>
		<description>Download and install addons by PhoenixReborn.</description>
		<platform>all</platform>
	</extension>
</addon>